date,evr1,evr2,evr3,erank
2001-01-03,0.6846961745269071,0.19768897885667486,0.05860610593457749,2.6906423045940313
2001-02-02,0.7104710293509084,0.19001987613084367,0.051349684268432345,2.5162741510587403
2001-03-06,0.7186972465114138,0.18705192964675174,0.05053857039505415,2.4579589905499684
2001-04-04,0.7274252673291207,0.17988636558318905,0.04854285873597373,2.421678676057391
2001-05-04,0.7469223241380514,0.17153239543802196,0.042892370429746814,2.3040478203469665
2001-06-05,0.7578386416207131,0.1671101830042017,0.037363324061269236,2.2443905011972265
2001-07-05,0.7652897728097358,0.16027499947606821,0.03698332142313597,2.2174233035306345
2001-08-03,0.7662061989278979,0.15956888179159476,0.03755209180264241,2.2122942838606234
2001-09-04,0.7739282235463133,0.155727667967411,0.035351106038327695,2.1674580183253416
2001-10-05,0.7990518361136335,0.14225173695442841,0.03006493684735859,2.0235645441298105
2001-11-06,0.7949288619206697,0.14342392460862757,0.03205213766486996,2.0496570815761603
2001-12-07,0.8002257592451318,0.14298062897942276,0.030304782971245958,2.0043004679583083
2002-01-09,0.8269671598088206,0.12080220580064867,0.02423475220859795,1.898135252564137
2002-02-08,0.8208768071281788,0.12475397929490199,0.025100807330211767,1.9289084378931398
2002-03-12,0.8197841442662758,0.12576263612455119,0.025522860575420053,1.9331871120353568
2002-04-11,0.8154692649277364,0.13128289953707498,0.02430736533223341,1.9457847566102657
2002-05-10,0.813006263248413,0.1319992086182489,0.024653756273944723,1.9640476693821833
2002-06-11,0.8151522245751881,0.1335175195768949,0.024184064521843067,1.9359951220777527
2002-07-11,0.8149376084100858,0.13705214511825636,0.022529850331674067,1.9200167981292189
2002-08-09,0.8141060055255469,0.13761889981799214,0.02253928553331333,1.9219611995374197
2002-09-10,0.8086165117594969,0.1415730922103557,0.024146887396023088,1.9444459933495153
2002-10-09,0.8100204999034527,0.12427549021165991,0.034730310450616544,2.0010772623867132
2002-11-08,0.8107833891543805,0.12271323040096122,0.03749173504046466,1.9937342597169467
2002-12-11,0.7981383921285655,0.12818791926901987,0.04044851614237927,2.0717996464152795
2003-01-13,0.7957071068265613,0.13293049091737927,0.03823767155298021,2.07478267147969
2003-02-12,0.7920039474962436,0.13305294471569432,0.0403512781693597,2.101398734445625
2003-03-14,0.7937430934898468,0.13434493647905704,0.03914508569514354,2.079510364649658
2003-04-14,0.8011627246882022,0.13163004577226148,0.038735604063992936,2.02548893614347
2003-05-14,0.8007272643534666,0.13099010146799253,0.03992840881634788,2.027890751754315
2003-06-13,0.8011997712129058,0.1289639928475141,0.03947497764112005,2.0356755783897955
2003-07-15,0.7922672244231681,0.13651258315397607,0.0413110541606078,2.070745943404729
2003-08-13,0.7825532777684886,0.1441222050385421,0.04368433999162941,2.114297379082712
2003-09-12,0.7779906708031269,0.15050960336538688,0.04277412206508644,2.1212012943456093
2003-10-14,0.7726173358077049,0.15261095102999328,0.04365115957653106,2.153033903629158
2003-11-13,0.777458451718357,0.14244606925193246,0.04680835595148618,2.1541336880842152
2003-12-15,0.7777918665281707,0.1428614895156311,0.04636841688834296,2.151016485093619
2004-01-15,0.774155090730788,0.14267688945636212,0.04854567160131941,2.1773924435343943
2004-02-17,0.7763841873311802,0.14099994650464606,0.047483723928021936,2.168155432744819
2004-03-17,0.7715968891120009,0.14203415175421288,0.05016661945403078,2.199418832975328
2004-04-16,0.7682694694275456,0.14405610871485525,0.05206414673124246,2.210528581826787
2004-05-17,0.7660226319419012,0.14959108158303677,0.051747726345361754,2.2036661900066226
2004-06-17,0.7652800691696652,0.15396952701022656,0.05007894721576256,2.193398316521779
2004-07-19,0.75884831581836,0.15127791942423918,0.05377675059868198,2.2603301242308103
2004-08-17,0.7699799049953407,0.1493943558501385,0.048224811734166685,2.1840284499509353
2004-09-16,0.7732913897394026,0.1479378040028916,0.04655922241190094,2.1674450448386215
2004-10-18,0.7744246184702043,0.1488801131981108,0.04611178786331491,2.1541395662643334
2004-11-17,0.7779516620087569,0.1469720630882058,0.0443028233952777,2.140748565535964
2004-12-17,0.7700120966115975,0.14980540496401845,0.04701852126475784,2.1891635126058753
2005-01-19,0.766129104611132,0.154624010450762,0.045259442280399756,2.2040221848583927
2005-02-17,0.7604409137706023,0.15984818001296944,0.04497009217004054,2.2278595617761034
2005-03-21,0.7563301408862901,0.1606774493765447,0.04638098035969472,2.2533548069093614
2005-04-20,0.7636815897016951,0.15128862396487958,0.04610738887278061,2.2399236863300156
2005-05-19,0.7622740114802016,0.15105873442590584,0.044025541702175874,2.2607551447246643
2005-06-20,0.739868639852174,0.16525255942544356,0.047107373722572066,2.3783378171006344
2005-07-20,0.7488136338910836,0.16718387816315178,0.0447445977656187,2.2761328297253214
2005-08-18,0.7414364485817043,0.1716828227036697,0.04535606567203228,2.311985597868627
2005-09-19,0.7354604674462081,0.17261823246705094,0.05049073159113577,2.3516577875351463
2005-10-19,0.7394059078723858,0.1654739908402519,0.05294148420612167,2.350317984045253
2005-11-18,0.7350334298297538,0.16966910302849952,0.05382857441584759,2.3607739231649574
2005-12-20,0.744961466074766,0.16226978353464266,0.05232403258365632,2.3158041230950883
2006-01-23,0.7435345483985645,0.1623646737175975,0.05535145332538309,2.320597080844691
2006-02-22,0.7484501113615463,0.1575704262640593,0.05605374663270832,2.3023079672623563
2006-03-23,0.7559559561153872,0.15260345991082064,0.055331343568785815,2.2687984283251588
2006-04-24,0.7535848414480145,0.1536844386440441,0.05668316302168193,2.2815811285066054
2006-05-23,0.7518219669037738,0.1533992475859189,0.059715047933538525,2.2883139348029107
2006-06-22,0.7617906217114384,0.14968591970207157,0.0562312392985933,2.227391332505107
2006-07-24,0.7634128034132801,0.1500784308485854,0.054478487393733434,2.216552816829366
2006-08-22,0.7659306800062434,0.14623833811734382,0.0545138246454014,2.2163153224519276
2006-09-21,0.7716089935537793,0.14300124535332684,0.05237622577816438,2.189831645546683
2006-10-23,0.7740291177928861,0.14301968281995506,0.05114654610805864,2.1723236358106623
2006-11-21,0.7812557513847732,0.1388550908836272,0.04938672755023572,2.134531724070757
2006-12-21,0.7830721604785857,0.13918579199717346,0.04708806439464108,2.1236497161965664
2007-01-24,0.7904038360931616,0.13382572611820037,0.04614274043860161,2.088819215924389
2007-02-23,0.7935941275113787,0.13547378528141657,0.0434691893992091,2.0615717370971867
2007-03-26,0.8031988585729699,0.13174827966156852,0.04118837970747241,2.0003457216752016
2007-04-24,0.8028558629901951,0.13327471427499502,0.039924096595781,2.0011890439923667
2007-05-23,0.7941186312429217,0.139506676113816,0.043268449893858425,2.03738651439467
2007-06-22,0.779763297519179,0.14849802709829546,0.04577712438484723,2.107680450730829
2007-07-24,0.7601372352585526,0.17016806734424939,0.04519308361965605,2.1635309046904623
2007-08-22,0.7516152411896608,0.1701733708610404,0.05723275615867245,2.193272770410397
2007-09-21,0.7263314177075162,0.21354771243700593,0.038262734405326536,2.2096726083651252
2007-10-23,0.7300156263273103,0.2103905114916294,0.036958772835071776,2.1985035380893905
2007-11-23,0.7473407550683947,0.1956098828782125,0.03377330045535182,2.1423722604279525
2007-12-24,0.7543901889893246,0.19166354363646038,0.032348901432250984,2.1050620501480912
2008-01-25,0.772548304361967,0.17746490761825745,0.028719203819222355,2.0338244763403224
2008-02-26,0.769236755219975,0.17858353197782223,0.029138011082895793,2.053765601651809
2008-03-27,0.784786385219402,0.16550515569621407,0.027653156699428288,1.9928036258491553
2008-04-25,0.785384520412518,0.16498831612174147,0.027453259286409227,1.9900214452691933
2008-05-27,0.781586403742263,0.16781396269837429,0.028308375520296074,2.0057649674694664
2008-06-25,0.7822216031714871,0.16521183801919923,0.029475998019961185,2.0150358885599244
2008-07-25,0.7846721528904846,0.16106125135509058,0.029867704647275835,2.0185147856387435
2008-08-25,0.7854149363160728,0.1669304747401788,0.02559979201571634,1.9929560998903175
2008-09-24,0.810687566142477,0.13938742355381967,0.025223952133006055,1.9274924322345872
2008-10-24,0.7860088174377434,0.16009074411838373,0.027312387977965653,2.0283448042690515
2008-11-25,0.7702981178071309,0.16745130069149072,0.030054055479018994,2.1231637313385896
2008-12-26,0.7580222839255957,0.17148663264025604,0.03198444322895662,2.2088813475172877
2009-01-28,0.7420549060034326,0.17842146053627014,0.036599330274502295,2.304656433306781
2009-02-27,0.7309941453382881,0.1837661729220635,0.03809280125817205,2.382903506438041
2009-03-30,0.7073584303455962,0.20023785593209256,0.04155113998961767,2.4947762174727974
2009-04-29,0.7009264788636266,0.20442726359682856,0.042413446957851625,2.5278385651808386
2009-05-29,0.6970256034995538,0.20602921766404458,0.043766415299048074,2.5525594174734487
2009-06-29,0.6893243321435379,0.21286896110238518,0.04334879533248995,2.582024928671225
2009-07-29,0.6848295287888726,0.21760997754742925,0.042327378743334074,2.596362937862042
2009-08-27,0.6821906931861121,0.2208289884124606,0.04149575958454055,2.602978229017978
2009-09-28,0.6376537324856554,0.2446238870536156,0.049701797583160914,2.8495808321495466
2009-10-28,0.644259210250384,0.20994389719377984,0.051405081718802904,2.9992092419458443
2009-11-30,0.6516093807894862,0.16984564296958396,0.07123995670532493,3.086949964556932
2009-12-30,0.676300598105349,0.17179196683405484,0.06505995651004959,2.8706388257618745
2010-02-01,0.6866348262810648,0.16885679268466794,0.06424944288391003,2.7926716652630157
2010-03-03,0.6953157419127577,0.1619596522206217,0.0649553190587795,2.7251048913626255
2010-04-01,0.6800303251176657,0.16314039688340268,0.073691287465621,2.8391763336095326
2010-04-30,0.6828596157066836,0.15552530084981417,0.07644919257014024,2.8402920728204766
2010-06-01,0.6979401037199636,0.15023297635549723,0.07168910092907593,2.7418290735254875
2010-06-30,0.685427704427014,0.15342983010831762,0.07173241710438533,2.8306489664219336
2010-07-30,0.6833903627706153,0.1628067657621159,0.06756387220871189,2.816935768781046
2010-08-30,0.6750319087966553,0.16759505549408377,0.07243293675642457,2.86632660024222
2010-09-29,0.675268840145683,0.16913144449354808,0.07111253140408974,2.8604023785330224
2010-10-29,0.6623803944748773,0.1715910840140919,0.07343684965287062,2.962774703042769
2010-12-01,0.6610585000241099,0.1697943834410426,0.07510640627630914,2.9799680222586553
2010-12-31,0.6435701017657544,0.1818193968707051,0.07704780991600618,3.0667604533142683
2011-02-01,0.6446303046223756,0.1744235277954275,0.07919911970315655,3.08419755600228
2011-03-03,0.6383932468201859,0.18036179769242786,0.07531681085813798,3.1166620566111094
2011-04-01,0.6412413313457428,0.1839090618752942,0.07395717457227294,3.0790947515179434
2011-05-03,0.6382175331351865,0.19293996839268188,0.0732812164370529,3.071386786235139
2011-06-02,0.6202232214793832,0.19292429099306382,0.07944461645114281,3.2141942606647858
2011-07-01,0.6183184503077802,0.18475220478936255,0.08254150547344247,3.260968739011968
2011-08-02,0.6217742513193556,0.19569599682488528,0.07570896798509766,3.1946760025293144
2011-08-31,0.6188112918413011,0.19864441148640677,0.07529770028867394,3.2082148234382295
2011-09-30,0.6115050491020391,0.1980929992974862,0.07860336883937,3.272246209729934
2011-11-01,0.6091926278847004,0.19857880717399856,0.08212592322156992,3.2777056830414244
2011-12-02,0.5992860980537021,0.19996925641550253,0.08740644870886279,3.348650858608167
2012-01-04,0.592835182079642,0.19586673699313054,0.09063341222242789,3.4311289652150556
2012-02-03,0.5813911077467182,0.19978655988176985,0.09352554313827366,3.515648889011551
2012-03-06,0.5773136201964116,0.19876990163507025,0.09417167259846479,3.5676036750878577
2012-04-04,0.5733847274478437,0.19665075360554882,0.09213337485413987,3.6182917011065947
2012-05-03,0.5662922389965055,0.1947152668233597,0.09384670121024688,3.687378483641882
2012-06-04,0.569742926481725,0.19321707882752745,0.09143560062481648,3.6727140245788266
2012-07-03,0.561990665572534,0.19188780767387803,0.0925555455764994,3.7491916478153224
2012-08-02,0.5477328666515606,0.18180520966818095,0.09756827605629649,3.924111381454559
2012-08-31,0.5392785953465082,0.17220269174358466,0.1009900193000754,4.035340270123678
2012-10-02,0.5484177084174906,0.16627399991484032,0.09758736894093743,3.9798484832752075
2012-11-02,0.5404407118946682,0.16389555964704425,0.09735704591319427,4.0817145287165415
2012-12-05,0.548188228790271,0.16740657915680598,0.09358310032247033,4.012310609051564
2013-01-07,0.546691318283532,0.17884557987012012,0.09547605594129342,3.9911527291320086
2013-02-06,0.5550126520673686,0.17975530640502582,0.09581188930113924,3.9111775100891473
2013-03-08,0.5572427399963713,0.17861139434574264,0.09594997494953077,3.901963910796643
2013-04-09,0.5345278804315711,0.18745300961405154,0.0981029060346366,4.084132043226654
2013-05-08,0.5325556324027086,0.18570654769104195,0.09884159063601249,4.103884442201732
2013-06-07,0.5346604379731765,0.18998580512187271,0.09884782288892305,4.043883743382905
2013-07-09,0.5545210394191755,0.1933137024304166,0.0957405261664174,3.839028232708821
2013-08-07,0.5643750811694057,0.1881417803577245,0.09626873686733928,3.76585262984625
2013-09-06,0.5693679856674416,0.1862745453705698,0.09990210586117114,3.7244919735985733
2013-10-07,0.5655415884241808,0.19229397173961726,0.1012982065689935,3.7124263871620458
2013-11-06,0.5705420293226271,0.21182893072485465,0.09433848604099693,3.588605901991076
2013-12-09,0.5684371945349063,0.21382149093932,0.09449603266253406,3.5921434945220154
2014-01-09,0.5632309885251866,0.2110481627366714,0.09678327699663605,3.6494478969386175
2014-02-10,0.5656089356177838,0.21035802876792464,0.09597422640307571,3.6242823124061845
2014-03-12,0.5668579240549422,0.21521261525950056,0.09549636169158382,3.585847996407015
2014-04-10,0.5738001063771143,0.21421260935516342,0.0922009236601247,3.5310621306945853
2014-05-12,0.5729672556691192,0.21486204598184216,0.09179837761734375,3.5382405376460646
2014-06-11,0.5714944973250361,0.21502144562148745,0.09249556441007091,3.5475408776757975
2014-07-11,0.5601330439650333,0.21780926864908934,0.09301916096420798,3.645305045643137
2014-08-11,0.5554690385499256,0.21836838188215632,0.09445987444768093,3.67364761458656
2014-09-10,0.5479309388761922,0.2218583216489995,0.09470880926945684,3.7262616970060893
2014-10-09,0.5521381601240103,0.2130697228317108,0.09949751257099328,3.720447250165653
2014-11-10,0.5550879210285014,0.1842646397941874,0.11262227979043288,3.7887319032132836
2014-12-11,0.5619330886543302,0.18500702410644876,0.1091943135023791,3.7309083063212944
2015-01-13,0.5740333376838601,0.18950459211466192,0.10068567067851136,3.611821350704504
2015-02-12,0.588270201075956,0.18478133326202795,0.09406986703015428,3.5105832517838262
2015-03-16,0.5992136248806296,0.1818626767623367,0.08823922819798666,3.427761896131531
2015-04-14,0.6090556896707586,0.176990580984421,0.08482654745429637,3.357877248524606
2015-05-13,0.6110633743785694,0.17652386025932842,0.08372725589114129,3.3462999250523784
2015-06-12,0.6133480932660315,0.17420135495021954,0.08467926239692943,3.326631761866602
2015-07-14,0.6223449476231949,0.16526640465779457,0.08777179118527824,3.269791431269938
2015-08-12,0.6247195163003758,0.16860232622578497,0.08414742232251984,3.2450683785638783
2015-09-11,0.6332263169299438,0.16474712250673987,0.08853524665290854,3.1864107158627797
2015-10-13,0.64916589269224,0.16946194269213305,0.0837508592874078,3.0490598500648503
2015-11-12,0.6533215048027377,0.16676689337287437,0.08433941484999155,3.029389391460839
2015-12-14,0.6467921409162479,0.18022333270083807,0.08091699445423488,3.0406633429492755
2016-01-14,0.6417443381172991,0.17094759971671938,0.09595333162989284,3.0933807944650344
2016-02-16,0.6439910337940837,0.1679410371054252,0.09705301478291324,3.0890798701783853
2016-03-16,0.6508505138195738,0.15966483340778947,0.09754910553452194,3.0682229261625835
2016-04-15,0.6506182855787352,0.1623246453584322,0.09648387471525917,3.065055404340357
2016-05-16,0.65534515327915,0.15945322154510072,0.09664386288097375,3.033539942241452
2016-06-15,0.6699186402226271,0.15324316291277018,0.09387915864630558,2.943378073710336
2016-07-15,0.686435670286163,0.14448707451808687,0.0887477573956984,2.851329280292877
2016-08-15,0.6914181916081519,0.14089206075247274,0.0896377883295577,2.8187942749910033
2016-09-14,0.6865487234487118,0.14450714169105477,0.08979972758761773,2.846243244294443
2016-10-14,0.6752197712136843,0.15140391133996842,0.09118246030955006,2.9240108474386894
2016-11-15,0.6735520374849552,0.154227201856208,0.0889875933107165,2.9324196067877875
2016-12-15,0.6793834276988684,0.15110227801314624,0.08423649483798666,2.9045036854853086
2017-01-18,0.6906232094575812,0.15226824089820606,0.07117839974974204,2.828149105091077
2017-02-16,0.6920746970413157,0.15700555235078528,0.06496398661670846,2.805685588214705
2017-03-20,0.6993447645995913,0.1611431572666449,0.05852987966273411,2.73914869993053
2017-04-19,0.6965124059098219,0.1623461114962434,0.05804023348541304,2.7586435552967123
2017-05-18,0.7013617047280547,0.15909874279837488,0.05698761529157444,2.731629013846104
2017-06-19,0.6880006410539218,0.16492633178004026,0.0590974249233011,2.8178055456413347
2017-07-19,0.6675831159305857,0.16973544354253628,0.06504353040866011,2.966351282574364
2017-08-17,0.6658206168843038,0.16909266174504647,0.06482301423451238,2.9897091542044003
2017-09-18,0.6684826458909927,0.16775446949428788,0.06454575672638817,2.9735211965760184
2017-10-18,0.6621951986494902,0.16262919498769404,0.06559184181448523,3.0315629488598823
2017-11-16,0.6633295582252259,0.16177248222862023,0.06671112209160471,3.028215572502479
2017-12-18,0.6644006144322244,0.15379174279993515,0.0672332331178543,3.0570437142267592
2018-01-19,0.6527620109954425,0.15398333631147698,0.07446520225270305,3.155612731230812
2018-02-20,0.6439033272440876,0.15599676582156666,0.07609327870027184,3.2278462659570195
2018-03-21,0.617697445995945,0.16263376200544574,0.081254826187705,3.4197073512919363
2018-04-20,0.6118532996629146,0.16203710497968238,0.0868975697865151,3.466016232090684
2018-05-21,0.59849842210323,0.17008671136922798,0.08769624715786746,3.559229789427994
2018-06-20,0.6278554428455785,0.16085172051235108,0.08225681581848666,3.3284435180003165
2018-07-20,0.6288999258628243,0.16272841957825612,0.08029785455915903,3.319204142072955
2018-08-20,0.6240407359785012,0.16713228543587966,0.08009722331489912,3.3416879004855526
2018-09-19,0.6227324509203193,0.16641999787422077,0.0797865355864916,3.3560799339309404
2018-10-19,0.6255027931170999,0.16975861809281664,0.07615492765896306,3.320357729698291
2018-11-20,0.6342287403558041,0.17016281603725694,0.07329268077893175,3.238046166142933
2018-12-21,0.6435655244762228,0.1683145127087386,0.07604153029800995,3.161943975311361
2019-01-24,0.6601968353650567,0.17742669012700765,0.06496053343938961,2.9904311249524262
2019-02-25,0.6686952844203231,0.17272682387321844,0.06623884153897368,2.9327048604925574
2019-03-26,0.6760636004889187,0.16661094586966238,0.0663229830937258,2.8887648771057157
2019-04-25,0.6812264817593299,0.17066000586212104,0.05985415841426776,2.8362428004532294
2019-05-24,0.6885392461122565,0.1656099586337904,0.06221533062380941,2.7856733406511336
2019-06-25,0.6868971654565726,0.1747961016400752,0.06220180146049949,2.7653921250460396
2019-07-25,0.7028591023365454,0.16773747090270025,0.06046449693308129,2.6604370856389328
2019-08-23,0.7302776414329333,0.15836652734496512,0.05379572548995376,2.479740399678415
2019-09-24,0.7277714834491285,0.16029744649825353,0.057523493860030715,2.481247184723707
2019-10-24,0.7359942070936869,0.1601555213417791,0.05402208118084068,2.419038394012211
2019-11-25,0.7387985406857599,0.15683639264434462,0.054066710149988775,2.410471086068361
2019-12-26,0.7366367564021318,0.15711402727263465,0.05514542220512732,2.4240340235852047
2020-01-28,0.7353476462414008,0.15353466209751884,0.057754097360687165,2.4491584961847748
2020-02-27,0.7389584854861355,0.15308666946314003,0.05672888431435086,2.423045105626453
2020-03-27,0.734434326760909,0.18875399345175004,0.03501413581140531,2.3216555977975144
2020-04-28,0.7294918810351999,0.19166899644351304,0.03569245843410728,2.34842834405987
2020-05-28,0.7288064877590658,0.19136321484713484,0.03624668283391566,2.355944401151311
2020-06-26,0.7261119848267226,0.19420222946077773,0.035253116944867616,2.3686281827758564
2020-07-28,0.7194445913926273,0.2005604370364296,0.035910195214763754,2.393546273230208
2020-08-26,0.7080070573105328,0.2091797692451859,0.034373438283111644,2.452942407455824
2020-09-25,0.7057381704667564,0.21242957694347542,0.03320456491313158,2.4587215734360357
2020-10-27,0.6986141152664496,0.21856043744475412,0.03346180655815238,2.4874301298714054
2020-11-27,0.6909386412679505,0.22167006792658803,0.03709434660389264,2.534365219033878
2020-12-29,0.6916683406717181,0.219614890395244,0.03905261426478562,2.5387287164859633
2021-01-29,0.6914971120972656,0.21983501195090693,0.03996831661700092,2.538427639045208
2021-03-02,0.6813623630501651,0.22799130567091763,0.040185777600551746,2.584132822141458
2021-03-31,0.5305919649474471,0.2183538253031614,0.09086172156656912,3.991128371333008
2021-04-29,0.5156140339686388,0.17309135145742793,0.11772556476528505,4.283449097916415
2021-05-28,0.502572541276282,0.17502475365790124,0.12036012166890542,4.393842349779692
2021-06-29,0.4967504071596609,0.1756212277708728,0.11920960924092383,4.444803856830027
2021-07-29,0.5107082520061267,0.17332634664177252,0.11749157347524303,4.315047458224574
2021-08-27,0.516308699997766,0.17749664330682965,0.10853778456693115,4.252461456818518
2021-09-28,0.5168636082509194,0.17172823382215577,0.11079132144162095,4.26575698706926
2021-10-28,0.5145508688413069,0.16835210323720998,0.11049216325538473,4.284669590121598
2021-11-30,0.5537185087910049,0.1681937598760732,0.10294119372293419,3.9207384775532286
2021-12-30,0.5543596516047545,0.16039875429734915,0.1080185232172451,3.92165998751123
2022-01-31,0.5850878884935556,0.17636304527056007,0.10115843585479571,3.606559492037655
2022-03-02,0.6904487476445703,0.18002747293019605,0.05803019827377638,2.7332951072487885
2022-03-31,0.7250925698477969,0.15004020750396507,0.05910296429145856,2.5664438064611774
2022-05-02,0.7160713872984005,0.15285828610136082,0.06771925850085382,2.6060325679039966
2022-06-01,0.7097561090887456,0.16021628338274085,0.06820769751002911,2.6177868865539593
2022-07-01,0.768316760916973,0.13726333192192833,0.04787658319047516,2.2607406247816058
2022-08-02,0.7484840559425824,0.16159699697481186,0.044907721977449876,2.31758744010427
2022-08-31,0.7490746880842617,0.16042504047241482,0.04497330302273008,2.3177974195254145
2022-09-30,0.7465034868428916,0.16196640492679873,0.048615858781731885,2.3221336301427606
2022-11-01,0.7416385085559698,0.1652888774881616,0.05160803143927702,2.339034206001082
2022-12-02,0.7498650439537062,0.16038675670783192,0.049330434734716266,2.2975435788470913
2023-01-04,0.7515742359363137,0.15910852825125402,0.04924781408659045,2.2888830177531383
2023-02-03,0.7556992154541844,0.15685638291870954,0.047585974181616315,2.2680781414575746
2023-03-07,0.7421996744979615,0.16301283799843264,0.04997075839073706,2.349381556141589
2023-04-05,0.7687162918000076,0.1374872037586655,0.05931630433417906,2.2161326120809144
2023-05-04,0.7777159525584622,0.12950572720988096,0.05997169539707666,2.1732187563589487
2023-06-05,0.7784676513601012,0.1304398132964465,0.05897724501694236,2.1670548247576344
2023-07-06,0.7565538992863241,0.14543871346676826,0.06466734417142975,2.2680915523806053
2023-08-04,0.7639375221472912,0.13361394037989976,0.06862644970185607,2.247736853484263
2023-09-05,0.7620496067169953,0.1341751194497641,0.06967684006888158,2.257896031293519
2023-10-04,0.7633552259795497,0.13049540468629725,0.07039328875428255,2.2629046615436286
2023-11-03,0.7687481684058044,0.12374843736137092,0.07171691024701217,2.242241597671313
2023-12-05,0.7710123358333842,0.12185559118330512,0.07164953991050746,2.230494048270311
2024-01-05,0.7727971043967097,0.12056076391382052,0.07212456657807058,2.2187777717869475
2024-02-06,0.7720741093094837,0.12212809351579973,0.07196571480994454,2.2185991805437024
2024-03-07,0.7786730603938753,0.11910465647362742,0.07102160857841203,2.1777240060594267
2024-04-08,0.7527468119585408,0.13969196552330768,0.06002554757944539,2.3398111785401383
2024-05-07,0.7456958714938335,0.14919572558361646,0.05526458642438753,2.36975994702952
2024-06-06,0.7579297415621379,0.13355695152904892,0.05710660288044747,2.3304144101118447
2024-07-09,0.7745694248603442,0.11759565469378003,0.05698673011178834,2.2594253445973
2024-08-07,0.7838828592846756,0.11646707701811354,0.05457301957722981,2.198247630673952
2024-09-06,0.7913434592988283,0.11170656380255348,0.054961959671760055,2.153709353522345
2024-10-07,0.7881374635696862,0.12789309754907285,0.04621471218909276,2.1334759816049877
2024-11-06,0.785450573335479,0.13272090276254112,0.04344530442755343,2.1416781467755794
2024-12-09,0.7734799198432483,0.14126150756180553,0.04582057055852253,2.198648114673355
2025-01-09,0.764129326560087,0.14699535764579585,0.04788993155321549,2.2477174369832675
2025-02-10,0.761733561865876,0.14663807454032723,0.049578891780219146,2.267557457365827
2025-03-12,0.7548200584896452,0.15020393684629546,0.052712195935279364,2.3035351456374435
2025-04-10,0.7566755325603596,0.1462287370080958,0.05530228963766664,2.2975133361267064
2025-05-12,0.7533464604890694,0.1457973130139678,0.05734841151925077,2.322366727478954
2025-06-11,0.7509164760661605,0.14240290586130597,0.06184247158962452,2.3476906191558493
2025-07-14,0.7468618328837884,0.1452046533808973,0.06239093232332092,2.36924933437419
2025-08-12,0.7372931883057001,0.1495701364086889,0.0650840108063319,2.4267638579144983
2025-09-11,0.7363984448845161,0.15393062627993237,0.06125904632515031,2.427766850376606
2025-10-10,0.7329397901985945,0.14448869357288685,0.07058816179580445,2.4827338757430817
2025-11-12,0.7413828334474537,0.13928910234116174,0.07003413717060157,2.4351415784674897
2025-12-12,0.7410817812680565,0.14361685417476383,0.06496927179588835,2.434322288911867
2026-01-14,0.7489558061027648,0.13889497655281166,0.061990456441792706,2.3977738543761
2026-02-13,0.7486083755845755,0.1377300666490235,0.06321500699071968,2.404628756872484
2026-03-17,0.752408743477113,0.13432506915017753,0.06179943063519117,2.3905875725111096
2026-04-15,0.7549663638897327,0.13491972200639257,0.05777696160399375,2.3792222048550955
2026-05-14,0.7554126420329842,0.13840609632667533,0.05488343785128608,2.370111350537119
2026-06-15,0.7616378316147386,0.13950017027669462,0.04887550613757949,2.3242010009617715
2026-07-16,0.7695270501312773,0.13669134463033272,0.04747421111360528,2.272311540639887
